ID,Type,SKU,Name,Published,"Is featured?","Visibility in catalog","Short description",Description,"Date sale price starts","Date sale price ends","Tax status","Tax class","In stock?",Stock,"Low stock amount","Backorders allowed?","Sold individually?","Weight (kg)","Length (cm)","Width (cm)","Height (cm)","Allow customer reviews?","Purchase note","Sale price","Regular price",Categories,Tags,"Shipping class",Images,"Download limit","Download expiry days",Parent,"Grouped products",Upsells,Cross-sells,"External URL","Button text",Position,"Swatches Attributes","Attribute 1 name","Attribute 1 value(s)","Attribute 1 visible","Attribute 1 global","Attribute 2 name","Attribute 2 value(s)","Attribute 2 visible","Attribute 2 global","Meta: _wpcom_is_markdown","Download 1 ID","Download 1 name","Download 1 URL","Download 2 ID","Download 2 name","Download 2 URL"
45,variable,radios-sku-042,"SAMSUNG Galaxy Tab A7 Lite 8.7"" 32GB Android Tablet",1,1,visible,"This is a variable product.","Pellentesque habitant morbi tristique senectus et netus et malesuada fames ac turpis egestas. Vestibulum tortor quam, feugiat vitae, ultricies eget, tempor sit amet, ante. Donec eu libero sit amet quam egestas semper. Aenean ultricies mi vitae est. Mauris placerat eleifend leo.",,,taxable,,1,,,0,0,,,,,1,,,,"Telivsion & Monitor",,,"http://localhost/wp/radios/wp-content/uploads/2022/09/product-2.png, http://localhost/wp/radios/wp-content/uploads/2022/09/vnech-tee-green-1.jpg, http://localhost/wp/radios/wp-content/uploads/2022/09/vnech-tee-blue-1.jpg",,,,,,,,,0,,color,"Blue, Green, Red",1,1,size,"Large, Medium, Small",1,1,1,,,,,,
46,variable,radios-sku-041,"Amazon Basics 2 Slice, Extra-Wide Slot Toaster",1,0,visible,"Found himself transformed in his bed into a horrible vermin. He lay on his armour-like back, and if he lifted his head a little he could see his brown belly, slightly domed and divided by arches into stiff sections. The bedding was hardly able to cover it and seemed ready to slide off any moment. His many legs, pitifully thin compared with","Pellentesque habitant morbi tristique senectus et netus et malesuada fames ac turpis egestas. Vestibulum tortor quam, feugiat vitae, ultricies eget, tempor sit amet, ante. Donec eu libero sit amet quam egestas semper. Aenean ultricies mi vitae est. Mauris placerat eleifend leo.",,,taxable,,1,,,0,0,,,,,1,,,,"Rice cooker",,,"http://localhost/wp/radios/wp-content/uploads/2022/09/toster.png, http://localhost/wp/radios/wp-content/uploads/2022/09/3.png, http://localhost/wp/radios/wp-content/uploads/2022/09/5.png, http://localhost/wp/radios/wp-content/uploads/2022/09/tab.png",,,,,,,,,0,,color,"Blue, Green, Red",1,1,Logo,"Yes, No",1,0,1,,,,,,
47,simple,radios-sku-040,"SMORFIT Smart Watch for Men/Women, Fitness Tracker",1,0,visible,"Found himself transformed in his bed into a horrible vermin. He lay on his armour-like back, and if he lifted his head a little he could see his brown belly, slightly domed and divided by arches into stiff sections. The bedding was hardly able to cover it and seemed ready to slide off any moment. His many legs, pitifully thin compared with","Pellentesque habitant morbi tristique senectus et netus et malesuada fames ac turpis egestas. Vestibulum tortor quam, feugiat vitae, ultricies eget, tempor sit amet, ante. Donec eu libero sit amet quam egestas semper. Aenean ultricies mi vitae est. Mauris placerat eleifend leo.",,,taxable,,1,,,0,0,,,,,1,,,45,"external hard drive",,,http://localhost/wp/radios/wp-content/uploads/2022/09/watch.png,,,,,,,,,0,,color,Blue,1,1,,,,,1,,,,,,
48,simple,radios-sku-39,"Home Security Camera, Baby Camera,1080P",1,0,visible,"Found himself transformed in his bed into a horrible vermin. He lay on his armour-like back, and if he lifted his head a little he could see his brown belly, slightly domed and divided by arches into stiff sections. The bedding was hardly able to cover it and seemed ready to slide off any moment. His many legs, pitifully thin compared with","Pellentesque habitant morbi tristique senectus et netus et malesuada fames ac turpis egestas. Vestibulum tortor quam, feugiat vitae, ultricies eget, tempor sit amet, ante. Donec eu libero sit amet quam egestas semper. Aenean ultricies mi vitae est. Mauris placerat eleifend leo.",,,taxable,,1,,,0,0,,,,,1,,,18,"Digital camera",,,http://localhost/wp/radios/wp-content/uploads/2022/09/product-4.png,,,,,,,,,0,,color,Gray,1,1,,,,,1,,,,,,
49,simple,radios-sku-038,"ByronStatics Portable Radio AM FM, Vintage Retro Radio",1,0,visible,"Found himself transformed in his bed into a horrible vermin. He lay on his armour-like back, and if he lifted his head a little he could see his brown belly, slightly domed and divided by arches into stiff sections. The bedding was hardly able to cover it and seemed ready to slide off any moment. His many legs, pitifully thin compared with","Pellentesque habitant morbi tristique senectus et netus et malesuada fames ac turpis egestas. Vestibulum tortor quam, feugiat vitae, ultricies eget, tempor sit amet, ante. Donec eu libero sit amet quam egestas semper. Aenean ultricies mi vitae est. Mauris placerat eleifend leo.",,,taxable,,1,,,0,0,,,,,1,,18,20,"Bluetooth speaker",,,http://localhost/wp/radios/wp-content/uploads/2022/09/product-3.png,,,,,,,,,0,,color,Red,1,1,,,,,1,,,,,,
50,simple,radios-sku-36,"BLACK+DECKER BPWH84W Washer Portable Laundry",1,0,visible,"Found himself transformed in his bed into a horrible vermin. He lay on his armour-like back, and if he lifted his head a little he could see his brown belly, slightly domed and divided by arches into stiff sections. The bedding was hardly able to cover it and seemed ready to slide off any moment. His many legs, pitifully thin compared with","Pellentesque habitant morbi tristique senectus et netus et malesuada fames ac turpis egestas. Vestibulum tortor quam, feugiat vitae, ultricies eget, tempor sit amet, ante. Donec eu libero sit amet quam egestas semper. Aenean ultricies mi vitae est. Mauris placerat eleifend leo.",,,taxable,,1,,,0,0,,,,,1,,55,65,"Washing machine",,,http://localhost/wp/radios/wp-content/uploads/2022/09/washin.png,,,,,,,,,0,,,,,,,,,,1,,,,,,
51,simple,radios-sku-37,"Beats Flex Wireless Earbuds – Apple W1 Headphone Chip",1,1,visible,"Found himself transformed in his bed into a horrible vermin. He lay on his armour-like back, and if he lifted his head a little he could see his brown belly, slightly domed and divided by arches into stiff sections. The bedding was hardly able to cover it and seemed ready to slide off any moment. His many legs, pitifully thin compared with","Pellentesque habitant morbi tristique senectus et netus et malesuada fames ac turpis egestas. Vestibulum tortor quam, feugiat vitae, ultricies eget, tempor sit amet, ante. Donec eu libero sit amet quam egestas semper. Aenean ultricies mi vitae est. Mauris placerat eleifend leo.",,,taxable,,1,,,0,0,,,,,1,,16,18,"Bluetooth speaker",,,http://localhost/wp/radios/wp-content/uploads/2022/09/airphone.png,,,,,,,,,0,,color,Yellow,1,1,,,,,1,,,,,,
52,simple,radios-sku-35,"Kodak PIXPRO Friendly Zoom FZ55-BL 16MP Digital Camer",1,1,visible,"Found himself transformed in his bed into a horrible vermin. He lay on his armour-like back, and if he lifted his head a little he could see his brown belly, slightly domed and divided by arches into stiff sections. The bedding was hardly able to cover it and seemed ready to slide off any moment. His many legs, pitifully thin compared with","Pellentesque habitant morbi tristique senectus et netus et malesuada fames ac turpis egestas. Vestibulum tortor quam, feugiat vitae, ultricies eget, tempor sit amet, ante. Donec eu libero sit amet quam egestas semper. Aenean ultricies mi vitae est. Mauris placerat eleifend leo.",,,taxable,,1,,,0,0,,,,,1,,,90,"Digital camera",,,http://localhost/wp/radios/wp-content/uploads/2022/09/camera.png,,,,,,,,,0,,,,,,,,,,1,,,,,,
53,simple,radios-sku-34,"wansview Wireless Security Camera, IP Camera 1080P HD",1,1,hidden,"Found himself transformed in his bed into a horrible vermin. He lay on his armour-like back, and if he lifted his head a little he could see his brown belly, slightly domed and divided by arches into stiff sections. The bedding was hardly able to cover it and seemed ready to slide off any moment. His many legs, pitifully thin compared with","Pellentesque habitant morbi tristique senectus et netus et malesuada fames ac turpis egestas. Vestibulum tortor quam, feugiat vitae, ultricies eget, tempor sit amet, ante. Donec eu libero sit amet quam egestas semper. Aenean ultricies mi vitae est. Mauris placerat eleifend leo.",,,taxable,,1,,,0,0,,,,,1,,35,45,"Digital camera",,,http://localhost/wp/radios/wp-content/uploads/2022/09/ip-camera.png,,,,,,,,,0,,color,Gray,1,1,,,,,1,,,,,,
54,simple,radios-sku-33,"Panasonic Cordless Phone System, Expandable Phone",1,1,visible,"Found himself transformed in his bed into a horrible vermin. He lay on his armour-like back, and if he lifted his head a little he could see his brown belly, slightly domed and divided by arches into stiff sections. The bedding was hardly able to cover it and seemed ready to slide off any moment. His many legs, pitifully thin compared with","Pellentesque habitant morbi tristique senectus et netus et malesuada fames ac turpis egestas. Vestibulum tortor quam, feugiat vitae, ultricies eget, tempor sit amet, ante. Donec eu libero sit amet quam egestas semper. Aenean ultricies mi vitae est. Mauris placerat eleifend leo.",,,taxable,,1,,,0,0,,,,,1,,,45,"Bluetooth speaker",,,http://localhost/wp/radios/wp-content/uploads/2022/09/telephone.png,,,,,,,,,0,,,,,,,,,,1,,,,,,
55,simple,radios-sku-28,"BenQ HT2050A 1080P Home Theater Projector Lumens",1,0,visible,"Found himself transformed in his bed into a horrible vermin. He lay on his armour-like back, and if he lifted his head a little he could see his brown belly, slightly domed and divided by arches into stiff sections. The bedding was hardly able to cover it and seemed ready to slide off any moment. His many legs, pitifully thin compared with","Pellentesque habitant morbi tristique senectus et netus et malesuada fames ac turpis egestas. Vestibulum tortor quam, feugiat vitae, ultricies eget, tempor sit amet, ante. Donec eu libero sit amet quam egestas semper. Aenean ultricies mi vitae est. Mauris placerat eleifend leo.",,,taxable,,1,,,0,0,,,,,1,,,25,"Laser printer",,,"http://localhost/wp/radios/wp-content/uploads/2022/09/projector.png, http://localhost/wp/radios/wp-content/uploads/2022/09/5.png, http://localhost/wp/radios/wp-content/uploads/2022/09/3.png, http://localhost/wp/radios/wp-content/uploads/2022/09/tab.png",,,,,,,,,0,,color,Green,1,1,,,,,1,,,,,,
56,simple,radios-sku-32,"Bevel Beard Trimmer for Men - Cordless Trimmer",1,0,visible,"Found himself transformed in his bed into a horrible vermin. He lay on his armour-like back, and if he lifted his head a little he could see his brown belly, slightly domed and divided by arches into stiff sections. The bedding was hardly able to cover it and seemed ready to slide off any moment. His many legs, pitifully thin compared with","Pellentesque habitant morbi tristique senectus et netus et malesuada fames ac turpis egestas. Vestibulum tortor quam, feugiat vitae, ultricies eget, tempor sit amet, ante. Donec eu libero sit amet quam egestas semper. Aenean ultricies mi vitae est. Mauris placerat eleifend leo.",,,taxable,,1,,,0,0,,,,,1,,,20,"Electric razor",,,http://localhost/wp/radios/wp-content/uploads/2022/09/trimmer.png,,,,,,,,,0,,color,Blue,1,1,,,,,1,,,,,,
57,"simple, downloadable, virtual",radios-sku-31,"Sceptre 24"" Professional Thin 75Hz 1080p LED Monitor",1,0,visible,"Found himself transformed in his bed into a horrible vermin. He lay on his armour-like back, and if he lifted his head a little he could see his brown belly, slightly domed and divided by arches into stiff sections. The bedding was hardly able to cover it and seemed ready to slide off any moment. His many legs, pitifully thin compared with","Lorem ipsum dolor sit amet, consectetur adipiscing elit. Vestibulum sagittis orci ac odio dictum tincidunt. Donec ut metus leo. Class aptent taciti sociosqu ad litora torquent per conubia nostra, per inceptos himenaeos. Sed luctus, dui eu sagittis sodales, nulla nibh sagittis augue, vel porttitor diam enim non metus. Vestibulum aliquam augue neque. Phasellus tincidunt odio eget ullamcorper efficitur. Cras placerat ut turpis pellentesque vulputate. Nam sed consequat tortor. Curabitur finibus sapien dolor. Ut eleifend tellus nec erat pulvinar dignissim. Nam non arcu purus. Vivamus et massa massa.",,,taxable,,1,,,0,0,,,,,1,,,15,"Telivsion & Monitor",,,"http://localhost/wp/radios/wp-content/uploads/2022/09/tv.png, http://localhost/wp/radios/wp-content/uploads/2022/09/ac.png, http://localhost/wp/radios/wp-content/uploads/2022/09/aircondation.png, http://localhost/wp/radios/wp-content/uploads/2022/09/airpod.png",1,1,,,,,,,0,,,,,,,,,,1,dc936cf3-3941-43b5-bc4e-c4730dd3228d,"Single 1",https://demo.woothemes.com/woocommerce/wp-content/uploads/sites/56/2017/08/single.jpg,8b75a636-ecee-427c-a97e-f47f79a03a75,"Single 2",https://demo.woothemes.com/woocommerce/wp-content/uploads/sites/56/2017/08/album.jpg
58,"simple, downloadable, virtual",radios-sku-30,"Acer SB220Q bi 21.5 Inches Full HD (1920 x 1080) IPS",1,0,visible,"Found himself transformed in his bed into a horrible vermin. He lay on his armour-like back, and if he lifted his head a little he could see his brown belly, slightly domed and divided by arches into stiff sections. The bedding was hardly able to cover it and seemed ready to slide off any moment. His many legs, pitifully thin compared with","Lorem ipsum dolor sit amet, consectetur adipiscing elit. Vestibulum sagittis orci ac odio dictum tincidunt. Donec ut metus leo. Class aptent taciti sociosqu ad litora torquent per conubia nostra, per inceptos himenaeos. Sed luctus, dui eu sagittis sodales, nulla nibh sagittis augue, vel porttitor diam enim non metus. Vestibulum aliquam augue neque. Phasellus tincidunt odio eget ullamcorper efficitur. Cras placerat ut turpis pellentesque vulputate. Nam sed consequat tortor. Curabitur finibus sapien dolor. Ut eleifend tellus nec erat pulvinar dignissim. Nam non arcu purus. Vivamus et massa massa.",,,taxable,,1,,,0,0,,,,,1,,2,3,"Telivsion & Monitor",,,"http://localhost/wp/radios/wp-content/uploads/2022/09/product-1.png, http://localhost/wp/radios/wp-content/uploads/2022/09/product-4.png, http://localhost/wp/radios/wp-content/uploads/2022/09/product-3.png, http://localhost/wp/radios/wp-content/uploads/2022/09/product-2.png",1,1,,,,,,,0,,,,,,,,,,1,e4dc48d8-330e-42a9-97f2-ad04d4c20f40,Single,https://demo.woothemes.com/woocommerce/wp-content/uploads/sites/56/2017/08/single.jpg,,,
59,variation,woo-vneck-tee-red,"SAMSUNG Galaxy Tab A7 Lite 8.7"" 32GB Android Tablet - Red",1,0,visible,,"Lorem ipsum dolor sit amet, consectetur adipiscing elit. Vestibulum sagittis orci ac odio dictum tincidunt. Donec ut metus leo. Class aptent taciti sociosqu ad litora torquent per conubia nostra, per inceptos himenaeos. Sed luctus, dui eu sagittis sodales, nulla nibh sagittis augue, vel porttitor diam enim non metus. Vestibulum aliquam augue neque. Phasellus tincidunt odio eget ullamcorper efficitur. Cras placerat ut turpis pellentesque vulputate. Nam sed consequat tortor. Curabitur finibus sapien dolor. Ut eleifend tellus nec erat pulvinar dignissim. Nam non arcu purus. Vivamus et massa massa.",,,taxable,,1,,,0,0,,,,,0,,,20,,,,http://localhost/wp/radios/wp-content/uploads/2022/09/vneck-tee-2.jpg,,,radios-sku-042,,,,,,0,,color,Red,,1,size,,,1,,,,,,,
60,variation,woo-vneck-tee-green,"SAMSUNG Galaxy Tab A7 Lite 8.7"" 32GB Android Tablet - Green",1,0,visible,,"Lorem ipsum dolor sit amet, consectetur adipiscing elit. Vestibulum sagittis orci ac odio dictum tincidunt. Donec ut metus leo. Class aptent taciti sociosqu ad litora torquent per conubia nostra, per inceptos himenaeos. Sed luctus, dui eu sagittis sodales, nulla nibh sagittis augue, vel porttitor diam enim non metus. Vestibulum aliquam augue neque. Phasellus tincidunt odio eget ullamcorper efficitur. Cras placerat ut turpis pellentesque vulputate. Nam sed consequat tortor. Curabitur finibus sapien dolor. Ut eleifend tellus nec erat pulvinar dignissim. Nam non arcu purus. Vivamus et massa massa.",,,taxable,,1,,,0,0,,,,,0,,,20,,,,http://localhost/wp/radios/wp-content/uploads/2022/09/vnech-tee-green-1.jpg,,,radios-sku-042,,,,,,0,,color,Green,,1,size,,,1,,,,,,,
61,variation,woo-vneck-tee-blue,"SAMSUNG Galaxy Tab A7 Lite 8.7"" 32GB Android Tablet - Blue",1,0,visible,,"Lorem ipsum dolor sit amet, consectetur adipiscing elit. Vestibulum sagittis orci ac odio dictum tincidunt. Donec ut metus leo. Class aptent taciti sociosqu ad litora torquent per conubia nostra, per inceptos himenaeos. Sed luctus, dui eu sagittis sodales, nulla nibh sagittis augue, vel porttitor diam enim non metus. Vestibulum aliquam augue neque. Phasellus tincidunt odio eget ullamcorper efficitur. Cras placerat ut turpis pellentesque vulputate. Nam sed consequat tortor. Curabitur finibus sapien dolor. Ut eleifend tellus nec erat pulvinar dignissim. Nam non arcu purus. Vivamus et massa massa.",,,taxable,,1,,,0,0,,,,,0,,,15,,,,http://localhost/wp/radios/wp-content/uploads/2022/09/vnech-tee-blue-1.jpg,,,radios-sku-042,,,,,,0,,color,Blue,,1,size,,,1,,,,,,,
62,variation,woo-hoodie-red,"Amazon Basics 2 Slice, Extra-Wide Slot Toaster - Red, No",1,0,visible,,"Lorem ipsum dolor sit amet, consectetur adipiscing elit. Vestibulum sagittis orci ac odio dictum tincidunt. Donec ut metus leo. Class aptent taciti sociosqu ad litora torquent per conubia nostra, per inceptos himenaeos. Sed luctus, dui eu sagittis sodales, nulla nibh sagittis augue, vel porttitor diam enim non metus. Vestibulum aliquam augue neque. Phasellus tincidunt odio eget ullamcorper efficitur. Cras placerat ut turpis pellentesque vulputate. Nam sed consequat tortor. Curabitur finibus sapien dolor. Ut eleifend tellus nec erat pulvinar dignissim. Nam non arcu purus. Vivamus et massa massa.",,,taxable,,1,,,0,0,,,,,0,,42,45,,,,http://localhost/wp/radios/wp-content/uploads/2022/09/hoodie-2.jpg,,,radios-sku-041,,,,,,1,,color,Red,,1,Logo,No,,0,,,,,,,
63,variation,woo-hoodie-green,"Amazon Basics 2 Slice, Extra-Wide Slot Toaster - Green, No",1,0,visible,,"Lorem ipsum dolor sit amet, consectetur adipiscing elit. Vestibulum sagittis orci ac odio dictum tincidunt. Donec ut metus leo. Class aptent taciti sociosqu ad litora torquent per conubia nostra, per inceptos himenaeos. Sed luctus, dui eu sagittis sodales, nulla nibh sagittis augue, vel porttitor diam enim non metus. Vestibulum aliquam augue neque. Phasellus tincidunt odio eget ullamcorper efficitur. Cras placerat ut turpis pellentesque vulputate. Nam sed consequat tortor. Curabitur finibus sapien dolor. Ut eleifend tellus nec erat pulvinar dignissim. Nam non arcu purus. Vivamus et massa massa.",,,taxable,,1,,,0,0,,,,,0,,,45,,,,http://localhost/wp/radios/wp-content/uploads/2022/09/hoodie-green-1.jpg,,,radios-sku-041,,,,,,2,,color,Green,,1,Logo,No,,0,,,,,,,
64,variation,woo-hoodie-blue,"Amazon Basics 2 Slice, Extra-Wide Slot Toaster - Blue, No",1,0,visible,,"Lorem ipsum dolor sit amet, consectetur adipiscing elit. Vestibulum sagittis orci ac odio dictum tincidunt. Donec ut metus leo. Class aptent taciti sociosqu ad litora torquent per conubia nostra, per inceptos himenaeos. Sed luctus, dui eu sagittis sodales, nulla nibh sagittis augue, vel porttitor diam enim non metus. Vestibulum aliquam augue neque. Phasellus tincidunt odio eget ullamcorper efficitur. Cras placerat ut turpis pellentesque vulputate. Nam sed consequat tortor. Curabitur finibus sapien dolor. Ut eleifend tellus nec erat pulvinar dignissim. Nam non arcu purus. Vivamus et massa massa.",,,taxable,,1,,,0,0,,,,,0,,,45,,,,http://localhost/wp/radios/wp-content/uploads/2022/09/hoodie-blue-1.jpg,,,radios-sku-041,,,,,,3,,color,Blue,,1,Logo,No,,0,,,,,,,
65,simple,radios-sku-27,"Nikon Z 6II FX-Format Mirrorless Camera Body",1,0,visible,"Found himself transformed in his bed into a horrible vermin. He lay on his armour-like back, and if he lifted his head a little he could see his brown belly, slightly domed and divided by arches into stiff sections. The bedding was hardly able to cover it and seemed ready to slide off any moment. His many legs, pitifully thin compared with","Pellentesque habitant morbi tristique senectus et netus et malesuada fames ac turpis egestas. Vestibulum tortor quam, feugiat vitae, ultricies eget, tempor sit amet, ante. Donec eu libero sit amet quam egestas semper. Aenean ultricies mi vitae est. Mauris placerat eleifend leo.",,,taxable,,1,,,0,0,,,,,1,,,18,"Digital camera",,,"http://localhost/wp/radios/wp-content/uploads/2022/09/canera.png, http://localhost/wp/radios/wp-content/uploads/2022/09/camera-1.png, http://localhost/wp/radios/wp-content/uploads/2022/09/purifire.png, http://localhost/wp/radios/wp-content/uploads/2022/09/tab.png",,,,,,,,,0,,color,Gray,1,1,,,,,1,,,,,,
66,simple,radios-sku-26,"Philips H6506 On-Ear Wireless Headphones with Active Noise",1,0,visible,"Found himself transformed in his bed into a horrible vermin. He lay on his armour-like back, and if he lifted his head a little he could see his brown belly, slightly domed and divided by arches into stiff sections. The bedding was hardly able to cover it and seemed ready to slide off any moment. His many legs, pitifully thin compared with","Pellentesque habitant morbi tristique senectus et netus et malesuada fames ac turpis egestas. Vestibulum tortor quam, feugiat vitae, ultricies eget, tempor sit amet, ante. Donec eu libero sit amet quam egestas semper. Aenean ultricies mi vitae est. Mauris placerat eleifend leo.",,,taxable,,1,,,0,0,,,,,1,,18,20,"Bluetooth speaker, Electric razor",,,"http://localhost/wp/radios/wp-content/uploads/2022/09/headphone.png, http://localhost/wp/radios/wp-content/uploads/2022/09/headphone-2.png, http://localhost/wp/radios/wp-content/uploads/2022/09/headphone1.png, http://localhost/wp/radios/wp-content/uploads/2022/09/headphone-1.png",,,,,,,,,0,,color,Red,1,1,,,,,1,,,,,,
67,grouped,radios-sku-25,"Chromebook Flip Laptop, 14"" Full HD Touch screen",1,0,visible,"Found himself transformed in his bed into a horrible vermin. He lay on his armour-like back, and if he lifted his head a little he could see his brown belly, slightly domed and divided by arches into stiff sections. The bedding was hardly able to cover it and seemed ready to slide off any moment. His many legs, pitifully thin compared with","Pellentesque habitant morbi tristique senectus et netus et malesuada fames ac turpis egestas. Vestibulum tortor quam, feugiat vitae, ultricies eget, tempor sit amet, ante. Donec eu libero sit amet quam egestas semper. Aenean ultricies mi vitae est. Mauris placerat eleifend leo.",,,taxable,,1,,,0,0,,,,,1,,,,"Frying pan, Telivsion & Monitor",,,"http://localhost/wp/radios/wp-content/uploads/2022/09/laptop.png, http://localhost/wp/radios/wp-content/uploads/2022/09/product-1.png, http://localhost/wp/radios/wp-content/uploads/2022/09/trimmer.png, http://localhost/wp/radios/wp-content/uploads/2022/09/projector.png",,,,"radios-sku-040, radios-sku-39, radios-sku-038",,,,,0,,,,,,,,,,1,,,,,,
68,external,radios-sku-24,"SAMSUNG Galaxy S20 FE 5G Cell Phone, Factory",1,0,visible,"Found himself transformed in his bed into a horrible vermin. He lay on his armour-like back, and if he lifted his head a little he could see his brown belly, slightly domed and divided by arches into stiff sections. The bedding was hardly able to cover it and seemed ready to slide off any moment. His many legs, pitifully thin compared with","Pellentesque habitant morbi tristique senectus et netus et malesuada fames ac turpis egestas. Vestibulum tortor quam, feugiat vitae, ultricies eget, tempor sit amet, ante. Donec eu libero sit amet quam egestas semper. Aenean ultricies mi vitae est. Mauris placerat eleifend leo.",,,taxable,,1,,,0,0,,,,,1,,,11.05,"external hard drive, Telivsion & Monitor",,,"http://localhost/wp/radios/wp-content/uploads/2022/09/mobile.png, http://localhost/wp/radios/wp-content/uploads/2022/09/5.png, http://localhost/wp/radios/wp-content/uploads/2022/09/3.png, http://localhost/wp/radios/wp-content/uploads/2022/09/2.png",,,,,,,https://mercantile.wordpress.org/product/wordpress-pennant/,"Buy on the WordPress swag store!",0,,,,,,,,,,1,,,,,,
69,variation,woo-hoodie-blue-logo,"Amazon Basics 2 Slice, Extra-Wide Slot Toaster - Blue, Yes",1,0,visible,,"Lorem ipsum dolor sit amet, consectetur adipiscing elit. Vestibulum sagittis orci ac odio dictum tincidunt. Donec ut metus leo. Class aptent taciti sociosqu ad litora torquent per conubia nostra, per inceptos himenaeos. Sed luctus, dui eu sagittis sodales, nulla nibh sagittis augue, vel porttitor diam enim non metus. Vestibulum aliquam augue neque. Phasellus tincidunt odio eget ullamcorper efficitur. Cras placerat ut turpis pellentesque vulputate. Nam sed consequat tortor. Curabitur finibus sapien dolor. Ut eleifend tellus nec erat pulvinar dignissim. Nam non arcu purus. Vivamus et massa massa.",,,taxable,,1,,,0,0,,,,,0,,,45,,,,http://localhost/wp/radios/wp-content/uploads/2022/09/hoodie-with-logo-2.jpg,,,radios-sku-041,,,,,,0,,color,Blue,,1,Logo,Yes,,0,,,,,,,
204,simple,radios-sku-23,"JBL 510BT Wireless Headphones with Purebass Sound",1,0,visible,"Found himself transformed in his bed into a horrible vermin. He lay on his armour-like back, and if he lifted his head a little he could see his brown belly, slightly domed and divided by arches into stiff sections. The bedding was hardly able to cover it and seemed ready to slide off any moment. His many legs, pitifully thin compared with","Pellentesque habitant morbi tristique senectus et netus et malesuada fames ac turpis egestas. Vestibulum tortor quam, feugiat vitae, ultricies eget, tempor sit amet, ante. Donec eu libero sit amet quam egestas semper. Aenean ultricies mi vitae est. Mauris placerat eleifend leo.",,,taxable,,1,,,0,0,,,,,1,,18,20,"Bluetooth speaker, external hard drive",,,"http://localhost/wp/radios/wp-content/uploads/2022/09/headphone-1.png, http://localhost/wp/radios/wp-content/uploads/2022/09/ac.png, http://localhost/wp/radios/wp-content/uploads/2022/09/camera-1.png, http://localhost/wp/radios/wp-content/uploads/2022/09/t.png",,,,,,,,,0,,color,Red,1,1,,,,,1,,,,,,
206,simple,radios-sku-22,"CLB 510BT Wireless Headphones with Purebass Sound",1,1,visible,"Found himself transformed in his bed into a horrible vermin. He lay on his armour-like back, and if he lifted his head a little he could see his brown belly, slightly domed and divided by arches into stiff sections. The bedding was hardly able to cover it and seemed ready to slide off any moment. His many legs, pitifully thin compared with","Pellentesque habitant morbi tristique senectus et netus et malesuada fames ac turpis egestas. Vestibulum tortor quam, feugiat vitae, ultricies eget, tempor sit amet, ante. Donec eu libero sit amet quam egestas semper. Aenean ultricies mi vitae est. Mauris placerat eleifend leo.",,,taxable,,1,,,0,0,,,,,1,,18,20,"Bluetooth speaker, Digital camera",,,"http://localhost/wp/radios/wp-content/uploads/2022/09/headphone1.png, http://localhost/wp/radios/wp-content/uploads/2022/09/headphone-2.png, http://localhost/wp/radios/wp-content/uploads/2022/09/airpod.png, http://localhost/wp/radios/wp-content/uploads/2022/09/headphone.png",,,,,,,,,0,,color,Red,1,1,,,,,1,,,,,,
208,simple,radios-sku-46,"COMFEE Portable Washing Machine, 0.9 Compact Washer",1,0,visible,"Found himself transformed in his bed into a horrible vermin. He lay on his armour-like back, and if he lifted his head a little he could see his brown belly, slightly domed and divided by arches into stiff sections. The bedding was hardly able to cover it and seemed ready to slide off any moment. His many legs, pitifully thin compared with","Pellentesque habitant morbi tristique senectus et netus et malesuada fames ac turpis egestas. Vestibulum tortor quam, feugiat vitae, ultricies eget, tempor sit amet, ante. Donec eu libero sit amet quam egestas semper. Aenean ultricies mi vitae est. Mauris placerat eleifend leo.",,,taxable,,1,,,0,0,,,,,1,,18,20,"Robotics vacuum, Washing machine",,,"http://localhost/wp/radios/wp-content/uploads/2022/09/washing-ma.png, http://localhost/wp/radios/wp-content/uploads/2022/09/washin.png, http://localhost/wp/radios/wp-content/uploads/2022/09/telephone.png",,,,,,,,,0,,color,Red,1,1,,,,,1,,,,,,
210,simple,radios-sku-21,"Washing Machine Compact Washer With LED Display",1,1,visible,"Found himself transformed in his bed into a horrible vermin. He lay on his armour-like back, and if he lifted his head a little he could see his brown belly, slightly domed and divided by arches into stiff sections. The bedding was hardly able to cover it and seemed ready to slide off any moment. His many legs, pitifully thin compared with","Pellentesque habitant morbi tristique senectus et netus et malesuada fames ac turpis egestas. Vestibulum tortor quam, feugiat vitae, ultricies eget, tempor sit amet, ante. Donec eu libero sit amet quam egestas semper. Aenean ultricies mi vitae est. Mauris placerat eleifend leo.",,,taxable,,1,,,0,0,,,,,1,,18,20,"Laser printer, Washing machine","Computer, Mobile",,"http://localhost/wp/radios/wp-content/uploads/2022/09/machine.png, http://localhost/wp/radios/wp-content/uploads/2022/09/aircondation.png, http://localhost/wp/radios/wp-content/uploads/2022/09/ac.png, http://localhost/wp/radios/wp-content/uploads/2022/09/purifire.png",,,,,,,,,0,,color,Red,1,1,,,,,1,,,,,,
215,simple,radios-sku-020,"SAMSUNG Galaxy A13 5G Cell Phone, Factory Unlocked",1,1,visible,"Found himself transformed in his bed into a horrible vermin. He lay on his armour-like back, and if he lifted his head a little he could see his brown belly, slightly domed and divided by arches into stiff sections. The bedding was hardly able to cover it and seemed ready to slide off any moment. His many legs, pitifully thin compared with","Pellentesque habitant morbi tristique senectus et netus et malesuada fames ac turpis egestas. Vestibulum tortor quam, feugiat vitae, ultricies eget, tempor sit amet, ante. Donec eu libero sit amet quam egestas semper. Aenean ultricies mi vitae est. Mauris placerat eleifend leo.",,,taxable,,1,,,0,0,,,,,1,,18,20,"Robotics vacuum, Telivsion & Monitor",,,"http://localhost/wp/radios/wp-content/uploads/2022/09/mobile-1.png, http://localhost/wp/radios/wp-content/uploads/2022/09/aircondation.png, http://localhost/wp/radios/wp-content/uploads/2022/09/ac.png, http://localhost/wp/radios/wp-content/uploads/2022/09/camera-1.png",,,,,,,,,0,,color,Red,1,1,,,,,1,,,,,,
218,simple,radios-sku-45,"Aroma Housewares 4-Cups 1Qt. Rice & Grain Cooker",1,1,visible,"Found himself transformed in his bed into a horrible vermin. He lay on his armour-like back, and if he lifted his head a little he could see his brown belly, slightly domed and divided by arches into stiff sections. The bedding was hardly able to cover it and seemed ready to slide off any moment. His many legs, pitifully thin compared with","Pellentesque habitant morbi tristique senectus et netus et malesuada fames ac turpis egestas. Vestibulum tortor quam, feugiat vitae, ultricies eget, tempor sit amet, ante. Donec eu libero sit amet quam egestas semper. Aenean ultricies mi vitae est. Mauris placerat eleifend leo.",,,taxable,,1,,,0,0,,,,,1,,18,20,"Rice cooker, Telivsion & Monitor","Accessories, Watch",,"http://localhost/wp/radios/wp-content/uploads/2022/09/ricecooker.png, http://localhost/wp/radios/wp-content/uploads/2022/09/mobile-1.png, http://localhost/wp/radios/wp-content/uploads/2022/09/machine.png, http://localhost/wp/radios/wp-content/uploads/2022/09/washing-ma.png",,,,,,,,,0,,color,Red,1,1,,,,,1,,,,,,
220,simple,radios-sku-19,"Lenovo - Tab P11 Plus - Tablet - 11"" 2K Display",1,1,visible,"Found himself transformed in his bed into a horrible vermin. He lay on his armour-like back, and if he lifted his head a little he could see his brown belly, slightly domed and divided by arches into stiff sections. The bedding was hardly able to cover it and seemed ready to slide off any moment. His many legs, pitifully thin compared with","Pellentesque habitant morbi tristique senectus et netus et malesuada fames ac turpis egestas. Vestibulum tortor quam, feugiat vitae, ultricies eget, tempor sit amet, ante. Donec eu libero sit amet quam egestas semper. Aenean ultricies mi vitae est. Mauris placerat eleifend leo.",,,taxable,,1,,,0,0,,,,,1,,18,20,"external hard drive, Telivsion & Monitor","Smart Device",,"http://localhost/wp/radios/wp-content/uploads/2022/09/tabl1.png, http://localhost/wp/radios/wp-content/uploads/2022/09/tab.png, http://localhost/wp/radios/wp-content/uploads/2022/09/5.png, http://localhost/wp/radios/wp-content/uploads/2022/09/3.png",,,,,,,,,0,,color,Red,1,1,,,,,1,,,,,,
222,simple,radios-sku-18,"DEWALT 20V MAX* XR Oscillating Tool Kit, 3-Speed",1,1,visible,"Found himself transformed in his bed into a horrible vermin. He lay on his armour-like back, and if he lifted his head a little he could see his brown belly, slightly domed and divided by arches into stiff sections. The bedding was hardly able to cover it and seemed ready to slide off any moment. His many legs, pitifully thin compared with","Pellentesque habitant morbi tristique senectus et netus et malesuada fames ac turpis egestas. Vestibulum tortor quam, feugiat vitae, ultricies eget, tempor sit amet, ante. Donec eu libero sit amet quam egestas semper. Aenean ultricies mi vitae est. Mauris placerat eleifend leo.",,,taxable,,1,,,0,0,,,,,1,,18,20,"Robotics vacuum, Telivsion & Monitor","Monitor, Television",,"http://localhost/wp/radios/wp-content/uploads/2022/09/tools.png, http://localhost/wp/radios/wp-content/uploads/2022/09/aircondation.png, http://localhost/wp/radios/wp-content/uploads/2022/09/ac.png, http://localhost/wp/radios/wp-content/uploads/2022/09/purifire.png",,,,,,,,,0,,color,Red,1,1,,,,,1,,,,,,
628,simple,radios-sku-17,"Amazon Essentials Women's Digital Chronograph",1,1,visible,"Found himself transformed in his bed into a horrible vermin. He lay on his armour-like back, and if he lifted his head a little he could see his brown belly, slightly domed and divided by arches into stiff sections. The bedding was hardly able to cover it and seemed ready to slide off any moment. His many legs, pitifully thin compared with","Pellentesque habitant morbi tristique senectus et netus et malesuada fames ac turpis egestas. Vestibulum tortor quam, feugiat vitae, ultricies eget, tempor sit amet, ante. Donec eu libero sit amet quam egestas semper. Aenean ultricies mi vitae est. Mauris placerat eleifend leo.",,,taxable,,1,,,0,0,,,,,1,,18,20,"external hard drive, Laser printer","Monitor, Television",,"http://localhost/wp/radios/wp-content/uploads/2022/09/1.png, http://localhost/wp/radios/wp-content/uploads/2022/09/4.png, http://localhost/wp/radios/wp-content/uploads/2022/09/watch-1.png, http://localhost/wp/radios/wp-content/uploads/2022/09/airpod.png",,,,,,,,,0,,color,Red,1,1,,,,,1,,,,,,
630,simple,radios-sku-16,"Timex Easy Reader 38mm Leather Strap Watch",1,1,visible,"Found himself transformed in his bed into a horrible vermin. He lay on his armour-like back, and if he lifted his head a little he could see his brown belly, slightly domed and divided by arches into stiff sections. The bedding was hardly able to cover it and seemed ready to slide off any moment. His many legs, pitifully thin compared with","Pellentesque habitant morbi tristique senectus et netus et malesuada fames ac turpis egestas. Vestibulum tortor quam, feugiat vitae, ultricies eget, tempor sit amet, ante. Donec eu libero sit amet quam egestas semper. Aenean ultricies mi vitae est. Mauris placerat eleifend leo.",,,taxable,,1,,,0,0,,,,,1,,18,20,"external hard drive, Frying pan","Monitor, Television",,"http://localhost/wp/radios/wp-content/uploads/2022/09/4.png, http://localhost/wp/radios/wp-content/uploads/2022/09/4.png, http://localhost/wp/radios/wp-content/uploads/2022/09/1.png, http://localhost/wp/radios/wp-content/uploads/2022/09/watch-1.png",,,,,,,,,0,,color,Red,1,1,,,,,1,,,,,,
632,simple,Woo-beanie-logo-1-1-1-1-1-1-1-1-1-1-1,"Apple Watch Series 6 (GPS + Cellular, 40mm) - Blue",1,1,visible,"Found himself transformed in his bed into a horrible vermin. He lay on his armour-like back, and if he lifted his head a little he could see his brown belly, slightly domed and divided by arches into stiff sections. The bedding was hardly able to cover it and seemed ready to slide off any moment. His many legs, pitifully thin compared with","Pellentesque habitant morbi tristique senectus et netus et malesuada fames ac turpis egestas. Vestibulum tortor quam, feugiat vitae, ultricies eget, tempor sit amet, ante. Donec eu libero sit amet quam egestas semper. Aenean ultricies mi vitae est. Mauris placerat eleifend leo.",,,taxable,,1,,,0,0,,,,,1,,18,20,"external hard drive, Robotics vacuum","Monitor, Television",,"http://localhost/wp/radios/wp-content/uploads/2022/09/watch-1.png, http://localhost/wp/radios/wp-content/uploads/2022/09/headphone.png, http://localhost/wp/radios/wp-content/uploads/2022/09/1.png, http://localhost/wp/radios/wp-content/uploads/2022/09/4.png",,,,,,,,,0,,color,Red,1,1,,,,,1,,,,,,
634,simple,radios-sku-015,"Blink Mini – Compact indoor plug-in smart security camera, 1080p",1,1,visible,"Found himself transformed in his bed into a horrible vermin. He lay on his armour-like back, and if he lifted his head a little he could see his brown belly, slightly domed and divided by arches into stiff sections. The bedding was hardly able to cover it and seemed ready to slide off any moment. His many legs, pitifully thin compared with","Pellentesque habitant morbi tristique senectus et netus et malesuada fames ac turpis egestas. Vestibulum tortor quam, feugiat vitae, ultricies eget, tempor sit amet, ante. Donec eu libero sit amet quam egestas semper. Aenean ultricies mi vitae est. Mauris placerat eleifend leo.",,,taxable,,1,,,0,0,,,,,1,,18,20,"Digital camera, Rice cooker","Monitor, Television",,"http://localhost/wp/radios/wp-content/uploads/2022/09/2.png, http://localhost/wp/radios/wp-content/uploads/2022/09/camera-1.png, http://localhost/wp/radios/wp-content/uploads/2022/09/t.png, http://localhost/wp/radios/wp-content/uploads/2022/09/5.png",,,,,,,,,0,,color,Red,1,1,,,,,1,,,,,,
636,simple,radios-sku-014,"Samsung Electronics Galaxy Book Odyssey Intel Laptop Computer",1,1,visible,"Found himself transformed in his bed into a horrible vermin. He lay on his armour-like back, and if he lifted his head a little he could see his brown belly, slightly domed and divided by arches into stiff sections. The bedding was hardly able to cover it and seemed ready to slide off any moment. His many legs, pitifully thin compared with","Pellentesque habitant morbi tristique senectus et netus et malesuada fames ac turpis egestas. Vestibulum tortor quam, feugiat vitae, ultricies eget, tempor sit amet, ante. Donec eu libero sit amet quam egestas semper. Aenean ultricies mi vitae est. Mauris placerat eleifend leo.",,,taxable,,1,,,0,0,,,,,1,,18,20,"Digital camera, Laser printer","Monitor, Television",,"http://localhost/wp/radios/wp-content/uploads/2022/09/3.png, http://localhost/wp/radios/wp-content/uploads/2022/09/product-1.png, http://localhost/wp/radios/wp-content/uploads/2022/09/product-2.png, http://localhost/wp/radios/wp-content/uploads/2022/09/product-3.png",,,,,,,,,0,,color,Red,1,1,,,,,1,,,,,,
638,simple,Woo-beanie-logo-1-1-1-1-1-1-1-1-1-1-1-1-1-1,"Galaxy S20 FE 5G Cell Phone, Factory Unlocked Android",1,1,visible,"Found himself transformed in his bed into a horrible vermin. He lay on his armour-like back, and if he lifted his head a little he could see his brown belly, slightly domed and divided by arches into stiff sections. The bedding was hardly able to cover it and seemed ready to slide off any moment. His many legs, pitifully thin compared with","Pellentesque habitant morbi tristique senectus et netus et malesuada fames ac turpis egestas. Vestibulum tortor quam, feugiat vitae, ultricies eget, tempor sit amet, ante. Donec eu libero sit amet quam egestas semper. Aenean ultricies mi vitae est. Mauris placerat eleifend leo.",,,taxable,,1,,,0,0,,,,,1,,18,20,"Digital camera, Frying pan","Monitor, Television",,"http://localhost/wp/radios/wp-content/uploads/2022/09/5.png, http://localhost/wp/radios/wp-content/uploads/2022/09/tab.png, http://localhost/wp/radios/wp-content/uploads/2022/09/t.png, http://localhost/wp/radios/wp-content/uploads/2022/09/projector.png",,,,,,,,,0,,color,Red,1,1,,,,,1,,,,,,
698,simple,radios-sku-013,"Fire HD 10 tablet, 10.1"", 1080p Full HD, 32 GB, latest mode",1,1,visible,"Found himself transformed in his bed into a horrible vermin. He lay on his armour-like back, and if he lifted his head a little he could see his brown belly, slightly domed and divided by arches into stiff sections. The bedding was hardly able to cover it and seemed ready to slide off any moment. His many legs, pitifully thin compared with","Pellentesque habitant morbi tristique senectus et netus et malesuada fames ac turpis egestas. Vestibulum tortor quam, feugiat vitae, ultricies eget, tempor sit amet, ante. Donec eu libero sit amet quam egestas semper. Aenean ultricies mi vitae est. Mauris placerat eleifend leo.",,,taxable,,1,,,0,0,,,,,1,,18,20,"Bluetooth speaker, external hard drive","Monitor, Television",,"http://localhost/wp/radios/wp-content/uploads/2022/09/tab.png, http://localhost/wp/radios/wp-content/uploads/2022/09/tab.png, http://localhost/wp/radios/wp-content/uploads/2022/09/t.png, http://localhost/wp/radios/wp-content/uploads/2022/09/5.png",,,,,,,,,0,,color,Red,1,1,,,,,1,,,,,,
700,simple,radios-sku-012,"Tab M10 Plus, FHD Android Tablet,  Processor, 32GB",1,1,visible,"Found himself transformed in his bed into a horrible vermin. He lay on his armour-like back, and if he lifted his head a little he could see his brown belly, slightly domed and divided by arches into stiff sections. The bedding was hardly able to cover it and seemed ready to slide off any moment. His many legs, pitifully thin compared with","Pellentesque habitant morbi tristique senectus et netus et malesuada fames ac turpis egestas. Vestibulum tortor quam, feugiat vitae, ultricies eget, tempor sit amet, ante. Donec eu libero sit amet quam egestas semper. Aenean ultricies mi vitae est. Mauris placerat eleifend leo.",,,taxable,,1,,,0,0,,,,,1,,18,20,"Bluetooth speaker, Electric razor","Monitor, Television",,"http://localhost/wp/radios/wp-content/uploads/2022/09/t.png, http://localhost/wp/radios/wp-content/uploads/2022/09/tab.png, http://localhost/wp/radios/wp-content/uploads/2022/09/5.png",,,,,,,,,0,,color,Red,1,1,,,,,1,,,,,,
702,simple,viando-sku-010,"Rokinon Xeen CF 16mm T2.6 Pro Cinema Wide Angle Lens",1,1,visible,"Found himself transformed in his bed into a horrible vermin. He lay on his armour-like back, and if he lifted his head a little he could see his brown belly, slightly domed and divided by arches into stiff sections. The bedding was hardly able to cover it and seemed ready to slide off any moment. His many legs, pitifully thin compared with","Pellentesque habitant morbi tristique senectus et netus et malesuada fames ac turpis egestas. Vestibulum tortor quam, feugiat vitae, ultricies eget, tempor sit amet, ante. Donec eu libero sit amet quam egestas semper. Aenean ultricies mi vitae est. Mauris placerat eleifend leo.",,,taxable,,1,,,0,0,,,,,1,,18,20,"Digital camera, Frying pan","Monitor, Television",,"http://localhost/wp/radios/wp-content/uploads/2022/09/camera-1.png, http://localhost/wp/radios/wp-content/uploads/2022/09/camera.png, http://localhost/wp/radios/wp-content/uploads/2022/09/ip-camera.png, http://localhost/wp/radios/wp-content/uploads/2022/09/canera.png",,,,,,,,,0,,color,Red,1,1,,,,,1,,,,,,
704,simple,viando-sku-009,"Amazon Basics Window  Air Conditioner Control",1,1,visible,"Found himself transformed in his bed into a horrible vermin. He lay on his armour-like back, and if he lifted his head a little he could see his brown belly, slightly domed and divided by arches into stiff sections. The bedding was hardly able to cover it and seemed ready to slide off any moment. His many legs, pitifully thin compared with","Pellentesque habitant morbi tristique senectus et netus et malesuada fames ac turpis egestas. Vestibulum tortor quam, feugiat vitae, ultricies eget, tempor sit amet, ante. Donec eu libero sit amet quam egestas semper. Aenean ultricies mi vitae est. Mauris placerat eleifend leo.",,,taxable,,1,,,0,0,,,,,1,,240,250,"Laser printer, Washing machine","Monitor, Television",,"http://localhost/wp/radios/wp-content/uploads/2022/09/ac.png, http://localhost/wp/radios/wp-content/uploads/2022/09/aircondation.png, http://localhost/wp/radios/wp-content/uploads/2022/09/ac.png, http://localhost/wp/radios/wp-content/uploads/2022/09/purifire.png",,,,,,,,,0,,color,Red,1,1,,,,,1,,,,,,
706,simple,viando-sku-008,"Freestanding Portable Air Conditioner Indoor",1,1,visible,"Found himself transformed in his bed into a horrible vermin. He lay on his armour-like back, and if he lifted his head a little he could see his brown belly, slightly domed and divided by arches into stiff sections. The bedding was hardly able to cover it and seemed ready to slide off any moment. His many legs, pitifully thin compared with","Pellentesque habitant morbi tristique senectus et netus et malesuada fames ac turpis egestas. Vestibulum tortor quam, feugiat vitae, ultricies eget, tempor sit amet, ante. Donec eu libero sit amet quam egestas semper. Aenean ultricies mi vitae est. Mauris placerat eleifend leo.",,,taxable,,1,,,0,0,,,,,1,,140,150,"Rice cooker, Washing machine","Monitor, Television",,"http://localhost/wp/radios/wp-content/uploads/2022/09/aircondation.png, http://localhost/wp/radios/wp-content/uploads/2022/09/3.png, http://localhost/wp/radios/wp-content/uploads/2022/09/5.png, http://localhost/wp/radios/wp-content/uploads/2022/09/2.png",,,,,,,,,0,,color,Red,1,1,,,,,1,,,,,,
708,simple,viando-sku-007,"Skullcandy Dime True In-Ear Earbuds - Golden Red",1,1,visible,"Found himself transformed in his bed into a horrible vermin. He lay on his armour-like back, and if he lifted his head a little he could see his brown belly, slightly domed and divided by arches into stiff sections. The bedding was hardly able to cover it and seemed ready to slide off any moment. His many legs, pitifully thin compared with","Pellentesque habitant morbi tristique senectus et netus et malesuada fames ac turpis egestas. Vestibulum tortor quam, feugiat vitae, ultricies eget, tempor sit amet, ante. Donec eu libero sit amet quam egestas semper. Aenean ultricies mi vitae est. Mauris placerat eleifend leo.",,,taxable,,1,,,0,0,,,,,1,,39,50,"Bluetooth speaker, Electric razor","Monitor, Television",,"http://localhost/wp/radios/wp-content/uploads/2022/09/airpod.png, http://localhost/wp/radios/wp-content/uploads/2022/09/t.png, http://localhost/wp/radios/wp-content/uploads/2022/09/camera-1.png, http://localhost/wp/radios/wp-content/uploads/2022/09/ac.png",,,,,,,,,0,,color,Red,1,1,,,,,1,,,,,,
710,simple,viando-sku-006,"Ninja Compact Smoothie & Food Processing Blender",1,1,visible,"Found himself transformed in his bed into a horrible vermin. He lay on his armour-like back, and if he lifted his head a little he could see his brown belly, slightly domed and divided by arches into stiff sections. The bedding was hardly able to cover it and seemed ready to slide off any moment. His many legs, pitifully thin compared with","Pellentesque habitant morbi tristique senectus et netus et malesuada fames ac turpis egestas. Vestibulum tortor quam, feugiat vitae, ultricies eget, tempor sit amet, ante. Donec eu libero sit amet quam egestas semper. Aenean ultricies mi vitae est. Mauris placerat eleifend leo.",,,taxable,,1,,,0,0,,,,,1,,39,50,"Robotics vacuum, Telivsion & Monitor","Monitor, Television",,"http://localhost/wp/radios/wp-content/uploads/2022/09/balender.png, http://localhost/wp/radios/wp-content/uploads/2022/09/canera.png, http://localhost/wp/radios/wp-content/uploads/2022/09/mobile.png, http://localhost/wp/radios/wp-content/uploads/2022/09/product-4.png",,,,,,,,,0,,color,Red,1,1,,,,,1,,,,,,
712,simple,viando-sku-005,"Portable 2TB External Hard Drive Portable HDD USB 3.0",1,1,visible,"Found himself transformed in his bed into a horrible vermin. He lay on his armour-like back, and if he lifted his head a little he could see his brown belly, slightly domed and divided by arches into stiff sections. The bedding was hardly able to cover it and seemed ready to slide off any moment. His many legs, pitifully thin compared with","Pellentesque habitant morbi tristique senectus et netus et malesuada fames ac turpis egestas. Vestibulum tortor quam, feugiat vitae, ultricies eget, tempor sit amet, ante. Donec eu libero sit amet quam egestas semper. Aenean ultricies mi vitae est. Mauris placerat eleifend leo.",,,taxable,,1,,,0,0,,,,,1,,59,69,"external hard drive, Robotics vacuum","Monitor, Television",,"http://localhost/wp/radios/wp-content/uploads/2022/09/harddrive.png, http://localhost/wp/radios/wp-content/uploads/2022/09/purifire.png, http://localhost/wp/radios/wp-content/uploads/2022/09/router.png, http://localhost/wp/radios/wp-content/uploads/2022/09/harddrive.png",,,,,,,,,0,,color,Red,1,1,,,,,1,,,,,,
714,simple,viando-sku-004,"TP-Link Smart WiFi Router Wireless Internet Router",1,1,visible,"Found himself transformed in his bed into a horrible vermin. He lay on his armour-like back, and if he lifted his head a little he could see his brown belly, slightly domed and divided by arches into stiff sections. The bedding was hardly able to cover it and seemed ready to slide off any moment. His many legs, pitifully thin compared with","Pellentesque habitant morbi tristique senectus et netus et malesuada fames ac turpis egestas. Vestibulum tortor quam, feugiat vitae, ultricies eget, tempor sit amet, ante. Donec eu libero sit amet quam egestas semper. Aenean ultricies mi vitae est. Mauris placerat eleifend leo.",,,taxable,,1,,,0,0,,,,,1,,59,69,"external hard drive, Laser printer","Monitor, Television",,"http://localhost/wp/radios/wp-content/uploads/2022/09/router.png, http://localhost/wp/radios/wp-content/uploads/2022/09/harddrive.png, http://localhost/wp/radios/wp-content/uploads/2022/09/ac.png, http://localhost/wp/radios/wp-content/uploads/2022/09/aircondation.png",,,,,,,,,0,,color,Red,1,1,,,,,1,,,,,,
880,simple,viando-sku-003,"Air Purifier for Home Allergies Pets Hair in Bedroom",1,1,visible,"Found himself transformed in his bed into a horrible vermin. He lay on his armour-like back, and if he lifted his head a little he could see his brown belly, slightly domed and divided by arches into stiff sections. The bedding was hardly able to cover it and seemed ready to slide off any moment. His many legs, pitifully thin compared with","Pellentesque habitant morbi tristique senectus et netus et malesuada fames ac turpis egestas. Vestibulum tortor quam, feugiat vitae, ultricies eget, tempor sit amet, ante. Donec eu libero sit amet quam egestas semper. Aenean ultricies mi vitae est. Mauris placerat eleifend leo.",,,taxable,,1,,,0,0,,,,,1,,59,69,"Electric razor, Frying pan","Monitor, Television",,"http://localhost/wp/radios/wp-content/uploads/2022/09/purifire.png, http://localhost/wp/radios/wp-content/uploads/2022/09/img_106.png, http://localhost/wp/radios/wp-content/uploads/2022/09/img_107.png, http://localhost/wp/radios/wp-content/uploads/2022/09/img_104.png",,,,,,,,,0,,color,Red,1,1,,,,,1,,,,,,
881,simple,viando-sku-002,"Apple iPhone 12 Pro, 128GB, Pacific Blue Unlocked",1,1,visible,"Found himself transformed in his bed into a horrible vermin. He lay on his armour-like back, and if he lifted his head a little he could see his brown belly, slightly domed and divided by arches into stiff sections. The bedding was hardly able to cover it and seemed ready to slide off any moment. His many legs, pitifully thin compared with","Pellentesque habitant morbi tristique senectus et netus et malesuada fames ac turpis egestas. Vestibulum tortor quam, feugiat vitae, ultricies eget, tempor sit amet, ante. Donec eu libero sit amet quam egestas semper. Aenean ultricies mi vitae est. Mauris placerat eleifend leo.",,,taxable,,1,,,0,0,,,,,1,,59,69,"Laser printer, Rice cooker","Monitor, Television",,"http://localhost/wp/radios/wp-content/uploads/2022/09/iphone.png, http://localhost/wp/radios/wp-content/uploads/2022/09/tab.png, http://localhost/wp/radios/wp-content/uploads/2022/09/5.png, http://localhost/wp/radios/wp-content/uploads/2022/09/img_102.png",,,,,,,,,0,,color,Red,1,1,,,,,1,,,,,,
884,simple,viando-sku-001,"JBL Tune 510BT Wireless On-Ear Head phones Blue",1,1,visible,"Found himself transformed in his bed into a horrible vermin. He lay on his armour-like back, and if he lifted his head a little he could see his brown belly, slightly domed and divided by arches into stiff sections. The bedding was hardly able to cover it and seemed ready to slide off any moment. His many legs, pitifully thin compared with","Pellentesque habitant morbi tristique senectus et netus et malesuada fames ac turpis egestas. Vestibulum tortor quam, feugiat vitae, ultricies eget, tempor sit amet, ante. Donec eu libero sit amet quam egestas semper. Aenean ultricies mi vitae est. Mauris placerat eleifend leo.",,,taxable,,1,,,0,0,,,,,1,,59,69,"Rice cooker, Robotics vacuum","Monitor, Television",,"http://localhost/wp/radios/wp-content/uploads/2022/09/headphone-2.png, http://localhost/wp/radios/wp-content/uploads/2022/09/headphone.png, http://localhost/wp/radios/wp-content/uploads/2022/09/headphone1.png, http://localhost/wp/radios/wp-content/uploads/2022/09/headphone-1.png",,,,,,,,,0,,color,Red,1,1,,,,,1,,,,,,
